username,email,password
user.2608171144.9,user.2608171144.9@example.com,pass
user.2608171144.1,user.2608171144.1@example.com,pass
user.2608171144.4,user.2608171144.4@example.com,pass
user.2608171144.26,user.2608171144.26@example.com,pass
user.2608171144.5,user.2608171144.5@example.com,pass
user.2608171144.14,user.2608171144.14@example.com,pass
user.2608171144.33,user.2608171144.33@example.com,pass
user.2608171144.18,user.2608171144.18@example.com,pass
user.2608171144.24,user.2608171144.24@example.com,pass
user.2608171144.32,user.2608171144.32@example.com,pass
user.2608171144.8,user.2608171144.8@example.com,pass
user.2608171144.29,user.2608171144.29@example.com,pass
user.2608171144.2,user.2608171144.2@example.com,pass
user.2608171144.36,user.2608171144.36@example.com,pass
user.2608171144.11,user.2608171144.11@example.com,pass
user.2608171144.47,user.2608171144.47@example.com,pass
user.2608171144.41,user.2608171144.41@example.com,pass
user.2608171144.42,user.2608171144.42@example.com,pass
user.2608171144.30,user.2608171144.30@example.com,pass
user.2608171144.7,user.2608171144.7@example.com,pass
user.2608171144.28,user.2608171144.28@example.com,pass
user.2608171144.53,user.2608171144.53@example.com,pass
user.2608171144.16,user.2608171144.16@example.com,pass
user.2608171144.19,user.2608171144.19@example.com,pass
user.2608171144.12,user.2608171144.12@example.com,pass
user.2608171144.35,user.2608171144.35@example.com,pass
user.2608171144.6,user.2608171144.6@example.com,pass
user.2608171144.22,user.2608171144.22@example.com,pass
user.2608171144.48,user.2608171144.48@example.com,pass
user.2608171144.31,user.2608171144.31@example.com,pass
user.2608171144.10,user.2608171144.10@example.com,pass
user.2608171144.39,user.2608171144.39@example.com,pass
user.2608171144.3,user.2608171144.3@example.com,pass
user.2608171144.25,user.2608171144.25@example.com,pass
user.2608171144.38,user.2608171144.38@example.com,pass
user.2608171144.37,user.2608171144.37@example.com,pass
user.2608171144.21,user.2608171144.21@example.com,pass
user.2608171144.15,user.2608171144.15@example.com,pass
user.2608171144.20,user.2608171144.20@example.com,pass
user.2608171144.34,user.2608171144.34@example.com,pass
user.2608171144.40,user.2608171144.40@example.com,pass
user.2608171144.17,user.2608171144.17@example.com,pass
user.2608171144.66,user.2608171144.66@example.com,pass
user.2608171144.67,user.2608171144.67@example.com,pass
user.2608171144.81,user.2608171144.81@example.com,pass
user.2608171144.43,user.2608171144.43@example.com,pass
user.2608171144.56,user.2608171144.56@example.com,pass
user.2608171144.57,user.2608171144.57@example.com,pass
user.2608171144.82,user.2608171144.82@example.com,pass
user.2608171144.61,user.2608171144.61@example.com,pass
user.2608171144.83,user.2608171144.83@example.com,pass
user.2608171144.63,user.2608171144.63@example.com,pass
user.2608171144.44,user.2608171144.44@example.com,pass
user.2608171144.27,user.2608171144.27@example.com,pass
user.2608171144.78,user.2608171144.78@example.com,pass
user.2608171144.80,user.2608171144.80@example.com,pass
user.2608171144.45,user.2608171144.45@example.com,pass
user.2608171144.46,user.2608171144.46@example.com,pass
user.2608171144.95,user.2608171144.95@example.com,pass
user.2608171144.96,user.2608171144.96@example.com,pass
user.2608171144.79,user.2608171144.79@example.com,pass
user.2608171144.23,user.2608171144.23@example.com,pass
user.2608171144.65,user.2608171144.65@example.com,pass
user.2608171144.84,user.2608171144.84@example.com,pass
user.2608171144.62,user.2608171144.62@example.com,pass
user.2608171144.93,user.2608171144.93@example.com,pass
user.2608171144.86,user.2608171144.86@example.com,pass
user.2608171144.70,user.2608171144.70@example.com,pass
user.2608171144.52,user.2608171144.52@example.com,pass
user.2608171144.88,user.2608171144.88@example.com,pass
user.2608171144.90,user.2608171144.90@example.com,pass
user.2608171144.60,user.2608171144.60@example.com,pass
user.2608171144.49,user.2608171144.49@example.com,pass
user.2608171144.71,user.2608171144.71@example.com,pass
user.2608171144.51,user.2608171144.51@example.com,pass
user.2608171144.74,user.2608171144.74@example.com,pass
user.2608171144.13,user.2608171144.13@example.com,pass
user.2608171144.87,user.2608171144.87@example.com,pass
user.2608171144.89,user.2608171144.89@example.com,pass
user.2608171144.98,user.2608171144.98@example.com,pass
user.2608171144.50,user.2608171144.50@example.com,pass
user.2608171144.99,user.2608171144.99@example.com,pass
user.2608171144.100,user.2608171144.100@example.com,pass
user.2608171144.85,user.2608171144.85@example.com,pass
user.2608171144.68,user.2608171144.68@example.com,pass
user.2608171144.97,user.2608171144.97@example.com,pass
user.2608171144.94,user.2608171144.94@example.com,pass
user.2608171144.76,user.2608171144.76@example.com,pass
user.2608171144.77,user.2608171144.77@example.com,pass
user.2608171144.69,user.2608171144.69@example.com,pass
user.2608171144.73,user.2608171144.73@example.com,pass
user.2608171144.91,user.2608171144.91@example.com,pass
user.2608171144.72,user.2608171144.72@example.com,pass
user.2608171144.75,user.2608171144.75@example.com,pass
user.2608171144.92,user.2608171144.92@example.com,pass
user.2608171144.64,user.2608171144.64@example.com,pass
user.2608171144.58,user.2608171144.58@example.com,pass
user.2608171144.59,user.2608171144.59@example.com,pass
user.2608171144.54,user.2608171144.54@example.com,pass
user.2608171144.55,user.2608171144.55@example.com,pass
